Mesh,RMSE
2,0.0397841
3,0.0116051
4,0.00473222
5,0.00312135
6,0.00195555
7,0.000602516
8,0.000162868
9,3.9665e-05
10,9.72166e-06
11,2.42668e-06