Mesh,RMSE
2,0.0274918
3,0.0111353
4,0.00563427
5,0.00428806
6,0.00241889
7,0.000775679
8,0.000206082
9,5.11141e-05
10,1.26592e-05
11,3.16676e-06